﻿Name,Explanation
map(func),Return a new distributed dataset formed by passing each element of the source through a function func.
filter(func),Return a new dataset formed by selecting those elements of the source on which func returns true.
flatMap(func),"Similar to map, but each input item can be mapped to 0 or more output items (so func should return a Seq rather than a single item)."
mapPartitions(func),"Similar to map, but runs separately on each partition (block) of the RDD, so func must be of type Iterator<T> => Iterator<U> when running on an RDD of type T."
distinct([numPartitions])),Return a new dataset that contains the distinct elements of the source dataset
groupByKey([numPartitions]),"When called on a dataset of (K, V) pairs, returns a dataset of (K, Iterable<V>) pairs.
Note: If you are grouping in order to perform an aggregation (such as a sum or average) over each key, using reduceByKey or aggregateByKey will yield much better performance"
"join(otherDataset, [numPartitions])","When called on datasets of type (K, V) and (K, W), returns a dataset of (K, (V, W)) pairs with all pairs of elements for each key. Outer joins are supported through leftOuterJoin, rightOuterJoin, and fullOuterJoin."
repartition(numPartitions),Reshuffle the data in the RDD randomly to create either more or fewer partitions and balance it across them. This always shuffles all data over the network.