{"title": "100 Startup", "price": "", "url": "https://www.amazon.com/100-Startup-Fire-Your-Better/dp/1447286316"}
{"title": "165cm/5.5ft Big Breast Sex Doll Japan Real Love Doll Oral Anus Vagina 3 Functions Adult Toys Sex Toys Male Masturbutor Tan Skin Tone", "price": "$2,099.33", "url": "https://www.amazon.com/165cm-Breast-Vagina-Functions-Masturbutor/dp/B01JAT4ZJS"}
{"title": "EXPO 1752226 Neon Dry Erase Markers, Bullet Tip, Assorted Colors, 5-Count", "price": "", "url": "https://www.amazon.com/1752226-Markers-Bullet-Assorted-5-Count/dp/B0033AGVVG"}
{"title": "49 Days: An Interactive Journal of Self-Development", "price": "", "url": "https://www.amazon.com/49-Days-Interactive-Journal-Self-Development/dp/9657739101"}
{"title": "AILIJIA Oral Sex Doll 165cm (5ft5\u2032) Full Body TPE Silicone Love Doll for Men with Mental Skeleton Artificial Vagina - Standing feet (Sex)", "price": "$1,199.00", "url": "https://www.amazon.com/5-41ft-Silicone-Vaginal-Masturbation-Flexible/dp/B078SNMZYV"}
{"title": "Aaker on Branding: 20 Principles That Drive Success/Simplified Chinese Edition\u54c1\u724c\u5927\u5e08:\u5851\u9020\u6210\u529f\u54c1\u724c\u768420\u6761\u6cd5\u5219", "price": "", "url": "https://www.amazon.com/Aaker-Branding-Principles-Edition%E5%93%81%E7%89%8C%E5%A4%A7%E5%B8%88-%E5%A1%91%E9%80%A0%E6%88%90%E5%8A%9F%E5%93%81%E7%89%8C%E7%9A%8420%E6%9D%A1%E6%B3%95%E5%88%99/dp/7508651898"}
{"title": "", "price": "", "url": "https://www.amazon.com/Accidental-Lies-unputdownable-contemporary-romance-ebook/dp/B07RP1QGH3"}
{"title": "ACDelco BLOW-OUT OFFER! Heavy Duty 1/2\u201d Air Impact Wrench, Twin Hammer, 650 ft-lbs Max Torque with Composite body and Comfort Grip, ANI403", "price": "$43.95", "url": "https://www.amazon.com/ACDelco-BLOW-OUT-Composite-Comfort-ANI403/dp/B004VXZDNG"}
{"title": "Acer Spin 5 SP513-52N-85LZ, 13.3\" Full HD Touch, 8th Gen Intel Core i7-8550U, Alexa Built-in, 8GB DDR4, 256GB SSD, Convertible, Steel Gray", "price": "$749.99", "url": "https://www.amazon.com/Acer-SP513-52N-85LZ-i7-8550U-Built-Convertible/dp/B07BRKBP2N"}
{"title": "", "price": "", "url": "https://www.amazon.com/Ad-Eternum-Elizabeth-Bear-ebook/dp/B00BWF8WHK"}
{"title": "Additional Blink Sync Module for Existing Blink Video Home Security Systems, White", "price": "$50.00", "url": "https://www.amazon.com/Additional-Blink-Existing-Home-Security/dp/B01M4G4ZQO"}
{"title": "adidas Originals Men's Superstar Sneaker", "price": "$14.48 - $179.97", "url": "https://www.amazon.com/adidas-Originals-Mens-Superstar-Sneaker/dp/B0858B1KZ4"}
{"title": "adidas Originals Women's NMD_R1 Boost Shoes", "price": "$39.39 - $269.95", "url": "https://www.amazon.com/adidas-Originals-Womens-NMD_r1-Running/dp/B0775PCGFK"}
{"title": "And After the Fire: A Novel", "price": "", "url": "https://www.amazon.com/After-Fire-Novel-Lauren-Belfer/dp/0062428519"}
{"title": "", "price": "", "url": "https://www.amazon.com/Ali-Cross-James-Patterson-ebook/dp/B07PCMRBCP"}
{"title": "", "price": "", "url": "https://www.amazon.com/All-Flowers-Tom-Milton-ebook/dp/B005WLBKC4"}
{"title": "Echo (3rd Gen) - Smart speaker with Alexa - Heather Gray", "price": "", "url": "https://www.amazon.com/all-new-Echo/dp/B07P86SQ52"}
{"title": "Fire HD 8 Tablet (8\" HD Display, 16 GB) - Black", "price": "$79.99", "url": "https://www.amazon.com/All-New-Fire-Tablet-Display-Black/dp/B0794RHPZD"}
{"title": "Fire HD 8 Kids Edition Tablet, 8\" HD Display, 32 GB, Blue Kid-Proof Case", "price": "", "url": "https://www.amazon.com/All-New-Fire-Tablet-Display-Kid-Proof/dp/B078HQBS21"}
{"title": "All-new Ring Stick Up Cam Battery HD security camera with two-way talk, Works with Alexa", "price": "$99.99", "url": "https://www.amazon.com/All-new-Ring-Stick-Up-Cam-Battery-HD-security-camera-with-two-way-talk-Works-with-Alexa-/dp/B07Q6ZZFLS"}
{"title": "All-new Ring Stick Up Cam Plug-In HD security camera with two-way talk, Works with Alexa", "price": "$99.99", "url": "https://www.amazon.com/All-new-Ring-Stick-Up-Cam-Plug-In-HD-security-camera-with-two-way-talk-Works-with-Alexa-/dp/B07RGSG4TN"}
{"title": "Allegories of Reading: Figural Language in Rousseau, Nietzsche, Rilke, and Proust", "price": "", "url": "https://www.amazon.com/Allegories-Reading-Language-Rousseau-Nietzsche/dp/0300028458"}
{"title": "Aloxxi Ultra Hydrating Hair Styling Cream | Smoothing Styling Cream with Kokum Butter & Buriti Oil | Safe for Color Treated Hair | Hydrating Cream for Thick Body, Texture & Shiny Hair | 3.4 Fl Oz", "price": "$18.00", "url": "https://www.amazon.com/ALOXXI-Styling-Cream-3-4-Fl/dp/B07M5JLSWY"}
{"title": "Alpha GPC Choline Supplement (Beginner Nootropic for Brain Support, Focus, Memory, Motivation, and Energy) Pharmaceutical Grade, Made in USA (60 Capsules 300mg)", "price": "$19.85", "url": "https://www.amazon.com/Alpha-Choline-Supplement-Pharmaceutical-Capsules/dp/B00XWQSD7G"}
{"title": "HASK Dry Shampoo Kits for all hair types, aluminum free, no sulfates, parabens, phthalates, gluten or artificial colors (Biotin, 6.5oz-Qty2)", "price": "$15.95", "url": "https://www.amazon.com/aluminum-sulfates-phthalates-artificial-Thickening/dp/B07JJ2GZFR"}
{"title": "", "price": "", "url": "https://www.amazon.com/Am-Malala-Education-Changed-Readers-ebook/dp/B00H25FFLA"}
{"title": "Amazing Faith: How to Make God Take Notice", "price": "", "url": "https://www.amazon.com/Amazing-Faith-Make-Take-Notice/dp/1936699958"}
{"title": "Amazon.com Gift Card in a Black Gift Box (\"A\" Smile Card Design)", "price": "$25.00", "url": "https://www.amazon.com/Amazon-com-Gift-Black-Classic-Design/dp/B077N4CNVJ"}
{"title": "Amazon Elements Baby Wipes, Fresh Scent, 480 Count, Flip-Top Packs", "price": "", "url": "https://www.amazon.com/Amazon-Elements-Wipes-Fresh-Flip-Top/dp/B07H5LVS3B"}
{"title": "Kindle Paperwhite E-reader (Previous Generation - 7th) - Black, 6\" High-Resolution Display (300 ppi) with Built-in Light, Wi-Fi - Includes Special Offers", "price": "", "url": "https://www.amazon.com/Amazon-Kindle-Paperwhite-6-Inch-4GB-eReader/dp/B00OQVZDJM"}
{"title": "Made for Amazon USB Power Cable for Amazon Fire TV 4K", "price": "$19.99", "url": "https://www.amazon.com/Amazon-Mission-Power-Eliminates-Adapter/dp/B078KSHVCS"}
{"title": "Amazon Smart Plug, works with Alexa \u2013 A Certified for Humans Device", "price": "$24.99", "url": "https://www.amazon.com/Amazon-Smart-Plug-works-Alexa/dp/B01MZEEFNX"}
{"title": "AmazonBasics Internal Frame Hiking Backpack with Rainfly", "price": "$51.58", "url": "https://www.amazon.com/AmazonBasics-Internal-Hiking-Backpack-Rainfly/dp/B077P17P2N"}
{"title": "AmazonBasics Pop-up Beach Tent Sun Shade Shelter with Poles and Stakes - 94.5 x 57 x 57 Inches, Blue", "price": "$29.99", "url": "https://www.amazon.com/AmazonBasics-JC003-Beach-tent-Poles/dp/B07715R57K"}
{"title": "AmazonBasics Letter Size Sheets Laminating Pouches 9 x 11.5in, 100-pack", "price": "$14.34", "url": "https://www.amazon.com/AmazonBasics-Letter-Laminating-Pouches-100-pack/dp/B00BWU3HNY"}
{"title": "Amcrest GPS Tracker - 2G Portable Mini GPS Tracking Device for Vehicles, Cars, Kids, Persons, Assets Hidden Tracker w/Geo-Fencing, Text/Email/Push Alerts, 14 Day Battery, Global, No Contract, AM-GL300", "price": "$44.98", "url": "https://www.amazon.com/Amcrest-AM-GL300-Portable-Real-Time-Vehicles/dp/B019ZT5DY4"}
{"title": "American Poverty: Why America\u2019s Treatment  of the Poor Undermines  its Authority as a World Power (American Stories) (Volume 2)", "price": "", "url": "https://www.amazon.com/American-Poverty-Treatment-Undermines-Authority/dp/1502897806"}
{"title": "American Standard", "price": "", "url": "https://www.amazon.com/American-Standard-James-Taylor/dp/B0833VRR3T"}
{"title": "amFilm Glass Screen Protector for iPad Mini 5 (2019) and iPad Mini 4, Tempered Glass", "price": "$6.99", "url": "https://www.amazon.com/amFilm-Glass-Screen-Protector-Tempered/dp/B01597GXJU"}
{"title": "The Anatomy Coloring Book", "price": "", "url": "https://www.amazon.com/Anatomy-Coloring-Book-Wynn-Kapit/dp/0321832019"}
{"title": "Angel: The Complete Series (Collector's Set)", "price": "", "url": "https://www.amazon.com/Angel-Complete-Collectors-David-Boreanaz/dp/B000TLTCU4"}
{"title": "", "price": "", "url": "https://www.amazon.com/Angel-Eclipsed-Louisiangel-Book-2-ebook/dp/B079ZSW2CF"}
{"title": "", "price": "", "url": "https://www.amazon.com/Angel-Tormented-Louisiangel-Book-3-ebook/dp/B07B1N1NGB"}
{"title": "Angola: Anatomy of an Oil State (African Issues)", "price": "", "url": "https://www.amazon.com/Angola-Anatomy-State-African-Issues/dp/0253214661"}
{"title": "", "price": "", "url": "https://www.amazon.com/Another-Kind-Soul-Live-Tony/dp/B084NMVM9F"}
{"title": "Antlion Audio ModMic Wireless Attachable Boom Microphone for Headphones - Compatible with PC, Mac, Linux, PS4, Any USB A Type", "price": "$99.95", "url": "https://www.amazon.com/Antlion-Audio-Attachable-Microphone-Headphones/dp/B07KQF165L"}
{"title": "Anycosy Panama Straw Hats,Womens Sun Hat Summer Wide Brim Floppy Fedora Beach Cap UPF50+", "price": "$16.98", "url": "https://www.amazon.com/Anycosy-Panama-Womens-Summer-Floppy/dp/B07BPSQSB9"}
{"title": "APEC Top Tier Supreme Certified Alkaline Mineral pH+ High Output 90 GPD 6-Stage Ultra Safe Reverse Osmosis Drinking Water Filter System (ULTIMATE RO-PH90)", "price": "$339.95", "url": "https://www.amazon.com/APEC-Certified-Alkaline-Water-RO-PH90/dp/B00SGGT14Q"}
{"title": "", "price": "", "url": "https://www.amazon.com/Appalachian-Tales-Deanna-Edens-ebook/dp/B07MTMLSRZ"}
{"title": "The Apparition (The Apparition Saga) (Volume 1)", "price": "", "url": "https://www.amazon.com/Apparition-Saga-1/dp/1494239981"}
{"title": "Apple AirPods with Charging Case", "price": "$139.00", "url": "https://www.amazon.com/Apple-AirPods-Charging-Latest-Model/dp/B07PXGQC1Q"}
{"title": "", "price": "", "url": "https://www.amazon.com/Arctic-Mads-Mikkelsen/dp/B07N3VF1T4"}
{"title": "Arctic Zone 44 Can Hot/Cold Insulated Rolling Tote, Diamond Mosaic - Gray/White", "price": "$64.99", "url": "https://www.amazon.com/Arctic-Zone-44-81453-00-08-Insulated-Capacity/dp/B07FKZFG1T"}
{"title": "Arctic Zone Titan Deep Freeze Rolling Cooler - High Performance - 60 Can Capacity", "price": "", "url": "https://www.amazon.com/Arctic-Zone-Freeze-Rolling-Cooler/dp/B084XY141T"}
{"title": "Arctic Zone Titan Deep Freeze 30 Can Tote", "price": "$29.99", "url": "https://www.amazon.com/Arctic-Zone-Titan-Deep-Freeze/dp/B07J5FH5HK"}
{"title": "", "price": "", "url": "https://www.amazon.com/are-NOT-Buying-Camper-Campground-ebook/dp/B073V8644V"}
{"title": "Are You My Mother ?", "price": "", "url": "https://www.amazon.com/Are-You-Mother-P-D-Eastman/dp/0394800184"}
{"title": "Are Your Stars Like My Stars?", "price": "", "url": "https://www.amazon.com/Are-Your-Stars-Like-My/dp/1454930136"}
{"title": "The Art of Closing the Sale: The Key to Making More Money Faster in the World of Professional Selling", "price": "", "url": "https://www.amazon.com/Art-Closing-Sale-Professional-Selling/dp/0785214291"}
{"title": "Art of the Fly 2017 Wall Calendar", "price": "", "url": "https://www.amazon.com/Art-Fly-2017-Wall-Calendar/dp/1682343057"}
{"title": "", "price": "", "url": "https://www.amazon.com/Art-Work-Proven-Discovering-Meant-ebook/dp/B00PWOHB1U"}
{"title": "", "price": "", "url": "https://www.amazon.com/Art-Work-Proven-Discovering-Meant-ebook/dp/B00PWOHB1U"}
{"title": "Artlicious - 10 Hand Made All Purpose Nylon Hair Brush Set - Acrylic, Oil, Watercolor Paints", "price": "$8.49", "url": "https://www.amazon.com/Artlicious-Purpose-Acrylic-Watercolor-Paints/dp/B072BM21NV"}
{"title": "Artnaturals Hand Sanitizer Gel Alcohol Based (4 Pack x 8 Fl Oz / 220ml) Infused with Jojoba Oil, Alovera Gel & Vitamin E - Unscented Fragrance Free Sanitize", "price": "", "url": "https://www.amazon.com/ArtNaturals-Natural-Hand-Sanitiser-Gel/dp/B01LZPZ4CX"}
{"title": "Asesoramiento Financiero para la Clase Trabajadora de los Estados Unidos (Spanish Edition)", "price": "", "url": "https://www.amazon.com/Asesoramiento-Financiero-Trabajadora-Estados-Spanish/dp/0991241339"}
{"title": "asobu Flavor U See a Stainless Steel Fruit Infuser Slim and Classy Water Bottle 16 Ounce Bpa Free", "price": "$19.99", "url": "https://www.amazon.com/asobu-Flavor-Stainless-Infuser-Classy/dp/B07F5R57WT"}
{"title": "Atlas Sound MS-10C Round Base All-Purpose Mic Stand Chrome", "price": "", "url": "https://www.amazon.com/Atlas-Sound-MS-10C-All-Purpose-Chrome/dp/B0002BG1U0"}
{"title": "Autism Toys - Stretchy Glow in The Dark Fun", "price": "$7.99", "url": "https://www.amazon.com/Autism-Toys-Stretchy-Glow-Dark/dp/B07ZRNQ52Z"}
{"title": "AUVON TENS Unit Pads 2X4 8 Pcs, 3rd Gen Latex-Free Rectangular Replacement Pads Electrode Patches with Upgraded Self-Stick Performance for Electrotherapy", "price": "$9.99", "url": "https://www.amazon.com/AUVON-Rectangular-Replacement-Performance-Electrotherapy/dp/B075732BLC"}
{"title": "", "price": "", "url": "https://www.amazon.com/Awesome-Robotics-Projects-Kids-Activities-ebook/dp/B081G2MPF5"}
{"title": "Baby Banana - Yellow Banana Toothbrush, Training Teether Tooth Brush for Infant, Baby, and Toddler", "price": "$6.99", "url": "https://www.amazon.com/Baby-Banana-Training-Toothbrush-Teether/dp/B002QYW8LW"}
{"title": "baccow Baby Toys 6 to 12-18 Months Musical Educational Learning Activity Table Center Toys for Toddlers Infants Kids 1 2 3 Year Olds Boys Girls Gifts Size 9.7 x 8.7 x 7.1 Inches", "price": "$22.99", "url": "https://www.amazon.com/baccow-Educational-Learning-Activity-Toddlers/dp/B082QNZNTK"}
{"title": "Back to the Roots Chili Windowsill Planter, 1, Red", "price": "$29.99", "url": "https://www.amazon.com/Back-Roots-Self-Watering-Windowsill-Gardening/dp/B06X9RZHCL"}
{"title": "Travel Laptop Backpack, Business Anti Theft Slim Durable Laptops Backpack with USB Charging Port, Water Resistant College School Computer Bag Gifts for Men & Women Fits 15.6 Inch Notebook, Grey", "price": "$29.99", "url": "https://www.amazon.com/Backpack-Business-Charging-Resistant-Computer/dp/B06XZTZ7GB"}
{"title": "", "price": "", "url": "https://www.amazon.com/Balance-Power-Destroyer-Book-44-ebook/dp/B00HYHBSDK"}
{"title": "Baldwin BF1212 Heavy Duty Diesel Fuel Spin-On Filter, Red", "price": "$12.74", "url": "https://www.amazon.com/Baldwin-BF1212-Heavy-Diesel-Filter/dp/B0015RO3PU"}
{"title": "Banana Boat Sunscreen Sport Performance Broad Spectrum Sun Care Sunscreen Lotion - SPF 30 1 Oz Travel Size (Pack of 4)", "price": "$8.26", "url": "https://www.amazon.com/Banana-Boat-Sunscreen-Performance-Spectrum/dp/B01G62TJNY"}
{"title": "Band-Aid Tough-Strips Adhesive Bandages, Waterproof, Extra Large, 10 ct.", "price": "$7.91", "url": "https://www.amazon.com/Band-Aid-Tough-Strips-Adhesive-Bandages-Waterproof/dp/B0010WNMK2"}
{"title": "", "price": "", "url": "https://www.amazon.com/Banished-Prince-Their-Harem-Fantasy-ebook/dp/B083JPL4TK"}
{"title": "Banshee Series Books 1 - 6: Scary Supernatural Horror with Monsters", "price": "", "url": "https://www.amazon.com/Banshee-Books-Supernatural-Horror-Monsters/dp/B07S5XHCGP"}
{"title": "Barrel House Cooker 18C Wood & Charcoal Smoker with Innovative Time-Based Cooking Design, Modular Versatility - Smoke, Grill, Sear, Bake, BBQ (Essential)", "price": "", "url": "https://www.amazon.com/Barrel-House-Innovative-Time-Based-Versatility/dp/B07J9MN4QZ"}
{"title": "", "price": "", "url": "https://www.amazon.com/Basic-Crochet-Stitches-Techniques-Quickly-ebook/dp/B00T3P66OW"}
{"title": "Batiste Dry Shampoo, Cherry Fragrance, 6.73 fl. oz.", "price": "", "url": "https://www.amazon.com/Batiste-Shampoo-Cherry-Fragrance-Ounce/dp/B007PQYHJW"}
{"title": "Beast Master: Nate Temple Series Book 5", "price": "", "url": "https://www.amazon.com/Beast-Master-Supernatural-Thriller-Chronicles/dp/0998085464"}
{"title": "Beautiful Baby Layettes - Crochet Patterns", "price": "", "url": "https://www.amazon.com/Beautiful-Baby-Layettes-Crochet-Patterns/dp/B0037M2XYO"}
{"title": "Becoming (Chinese Edition)", "price": "", "url": "https://www.amazon.com/Becoming-Chinese-Michelle-Obama/dp/7545544226"}
{"title": "", "price": "", "url": "https://www.amazon.com/Becoming-Michelle-Obama-ebook/dp/B079ZYWJJ8"}
{"title": "Bedside Wall Mount Light with Outlet and Dimmable Switch, Fabric Shade Wall Sconce Light with Plug in Cord, Perfect for Bedroom, Living Room and Hotel", "price": "$55.99", "url": "https://www.amazon.com/Bedside-Outlet-Dimmable-Perfect-Bedroom/dp/B07T844FTQ"}
{"title": "The Beethoven Box Set", "price": "", "url": "https://www.amazon.com/Beethoven-Box-Set-Ludwig-van/dp/B000JR0DVK"}
{"title": "", "price": "", "url": "https://www.amazon.com/Belle-English-Subtitled-Catherine-Deneuve/dp/B00MN6570C"}
{"title": "", "price": "", "url": "https://www.amazon.com/Bells-Will-Be-Ringing-Christmas-ebook/dp/B08124PFS4"}
{"title": "", "price": "", "url": "https://www.amazon.com/Bento-Recipes-Complete-Cookbook-Clever-ebook/dp/B07R451KM5"}
{"title": "BERDECIA 5 Sets Unframed Home Motivational Beach Canvas View Giclee Artwork A Women Running By The Sea With Wave And Rocks Under Bule Clouds Sky Canvas Wall Art Painting Print Pictures Decoration", "price": "", "url": "https://www.amazon.com/BERDECIA-Unframed-Motivational-Painting-Decoration/dp/B01N9NK55S"}
{"title": "Berkley Street Series Books 1 - 9: Haunted House and Ghost Stories Collection", "price": "", "url": "https://www.amazon.com/Berkley-Street-Books-1-9-Collection/dp/B07GSCRSGR"}
{"title": "Bernzomatic TS4000 Trigger Start Torch", "price": "$38.76", "url": "https://www.amazon.com/Bernzomatic-TS4000-Trigger-Start-Torch/dp/B00008ZA09"}
{"title": "Best Choice Products 7-Piece Modular Outdoor Conversational Furniture Set, Wicker Sectional Sofas w/Cover - Brown/Tan", "price": "$599.99", "url": "https://www.amazon.com/Best-Choice-Products-Conversation-Weather-Resistant/dp/B01889WCOG"}
{"title": "Best GE MWF Refrigerator Water Filter Smartwater Compatible Cartridge", "price": "$24.99", "url": "https://www.amazon.com/Best-MWF-Refrigerator-Smartwater-Compatible/dp/B01BIDPHYQ"}
{"title": "", "price": "", "url": "https://www.amazon.com/Beyond-Night-Eric-S-Brown-ebook/dp/B0796VSXW7"}
{"title": "XLR Cable 25ft, BIFALE Heavy Duty Nylon Braided XLR Microphone Cable Male to Female 3Pin Balanced Microphone Cable Compatible with Shure SM Microphone, Behringer, Speaker Systems - 2Pack", "price": "$29.99", "url": "https://www.amazon.com/BIFALE-Microphone-Balanced-Compatible-Behringer/dp/B07ZYY4GVZ"}
{"title": "The Big Activity Book For Couples", "price": "", "url": "https://www.amazon.com/Big-Activity-Book-Couples/dp/1936806118"}
{"title": "Biking Diary", "price": "", "url": "https://www.amazon.com/Biking-Diary-Tom-Alyea/dp/1519239629"}
{"title": "", "price": "", "url": "https://www.amazon.com/Bird-Bees-Neena-Gaynor-ebook/dp/B085RDCJDQ"}
{"title": "Birth without Violence", "price": "", "url": "https://www.amazon.com/Birth-without-Violence-Fr%C3%A9d%C3%A9rick-Leboyer/dp/1594772975"}
{"title": "Bissell PowerEdge Pet Hardwood Floor Bagless Cleaner, 81L2A Stick Vacuum, Gray", "price": "$59.99", "url": "https://www.amazon.com/Bissell-PowerEdge-Hardwood-Bagless-81L2A/dp/B00450U7V8"}
{"title": "", "price": "", "url": "https://www.amazon.com/Bit-Bitcoin-We-Trust/dp/B07PNDD2HH"}
{"title": "Black Beauty Ride On Me Mascot Beer Man Beer Festival Fancy Garden Gnome", "price": "$39.99", "url": "https://www.amazon.com/Black-Beauty-Mascot-Festival-Garden/dp/B01LXX3YAT"}
{"title": "Black Imported German Glass Glitter - 1 Kilo - Fine 90 Grit (Most Popular Grain Size) Sparkly Glass Glitter - 311-9-BK", "price": "$64.95", "url": "https://www.amazon.com/Black-German-Glass-Glitter-311-9-BK/dp/B07FPQTZHT"}
{"title": "", "price": "", "url": "https://www.amazon.com/Black-Panther-Cookbook-African-Recipes-ebook/dp/B084PCT3MF"}
{"title": "", "price": "", "url": "https://www.amazon.com/BlackWolfe-Sons-Wolfe-Pack-Book-ebook/dp/B07GZY95Q2"}
{"title": "", "price": "", "url": "https://www.amazon.com/Blood-Fu-Manchu-Christopher-Lee/dp/B076QL6VFW"}
{"title": "Blue Buffalo Life Protection Formula Natural Adult Dry Dog Food", "price": "$49.98", "url": "https://www.amazon.com/Blue-Buffalo-Protection-Formula-Adult/dp/B0009YWKUA"}
{"title": "Bobbi Brown Beauty from the Inside Out: Makeup * Wellness * Confidence (Modern Beauty Books, Makeup Books for Girls, Makeup Tutorial Books)", "price": "", "url": "https://www.amazon.com/Bobbi-Brown-Beauty-Inside-Out/dp/1452161844"}
{"title": "Bob's Red Mill Finely Ground Tapioca Flour, 20-ounce (Pack of 4)", "price": "", "url": "https://www.amazon.com/Bobs-Red-Mill-Finely-Tapioca/dp/B001KUWFL6"}
{"title": "Boker Plus Tactical Pen CID Cal", "price": "$51.89", "url": "https://www.amazon.com/Boker-Plus-Tactical-Pen-CID/dp/B085DTNWBP"}
{"title": "", "price": "", "url": "https://www.amazon.com/Bones-Frannie-Shoemaker-Campground-Mysteries-ebook/dp/B00A6DTAV6"}
{"title": "City of Bones (1) (The Mortal Instruments)", "price": "", "url": "https://www.amazon.com/Bones-Mortal-Instruments-Cassandra-Clare/dp/1534431780"}
{"title": "The Book of Colors: A Novel", "price": "", "url": "https://www.amazon.com/Book-Colors-Novel-Raymond-Barfield/dp/1609531159"}
{"title": "The Book on Tax Strategies for the Savvy Real Estate Investor: Powerful techniques anyone can use to deduct more, invest smarter, and pay far less to the IRS!", "price": "", "url": "https://www.amazon.com/Book-Strategies-Savvy-Estate-Investor/dp/0990711765"}
{"title": "Boot Butler Boot Storage Rack As Seen On Rachael Ray \u2013 Clean Up Your Closet Floor with Hanging Boot Storage \u2013 Easy to Assemble & Built to Last \u2013 5-Pair Hanger Organizer & Shaper/Tree", "price": "$69.99", "url": "https://www.amazon.com/Boot-Butler-Storage-Rack-Rachael/dp/B00IFQWK04"}
{"title": "", "price": "", "url": "https://www.amazon.com/Bounce-J-Edna-Mae/dp/B0817QPQD5"}
{"title": "", "price": "", "url": "https://www.amazon.com/Bound-Novella-Hers-Save-Book-ebook/dp/B06XDFSFFX"}
{"title": "Bouquet of Bach", "price": "", "url": "https://www.amazon.com/Bouquet-Bach-Andrew-Rangell/dp/B082PQRHYJ"}
{"title": "Bowl of Heaven: A Novel", "price": "", "url": "https://www.amazon.com/Bowl-Heaven-Novel-Gregory-Benford/dp/0765328410"}
{"title": "The Brain is Kind of a Big Deal", "price": "", "url": "https://www.amazon.com/Brain-Kind-Big-Deal/dp/1338167006"}
